111,112,113,114,115,116,117,118,119,120,121,122,123,124,125,126,512,128,240,24576,50204,3,24576,50204,1611656590.643527
111,112,113,114,115,116,117,118,119,120,121,122,123,124,125,126,512,128,240,24576,50204,3,24576,50204,1611656591.637281
111,112,113,114,115,116,117,118,119,120,121,122,123,124,125,126,512,128,240,24576,50204,3,24576,50204,1611656592.631032
111,112,113,114,115,116,117,118,119,120,121,122,123,124,125,126,512,128,240,24576,50204,3,24576,50204,1611656593.624766
111,112,113,114,115,116,117,118,119,120,121,122,123,124,125,126,512,128,240,24576,50204,3,24576,50204,1611656594.61852
111,112,113,114,115,116,117,118,119,120,121,122,123,124,125,126,512,128,240,24576,50204,3,24576,50204,1611656595.612269
111,112,113,114,115,116,117,118,119,120,121,122,123,124,125,126,512,128,240,24576,50204,3,24576,50204,1611656596.60555
111,112,113,114,115,116,117,118,119,120,121,122,123,124,125,126,512,128,240,24576,50204,3,24576,50204,1611656597.599341
111,112,113,114,115,116,117,118,119,120,121,122,123,124,125,126,512,128,240,24576,50204,3,24576,50204,1611656598.593139
111,112,113,114,115,116,117,118,119,120,121,122,123,124,125,126,512,128,240,24576,50204,3,24576,50204,1611656599.586887
111,112,113,114,115,116,117,118,119,120,121,122,123,124,125,126,512,128,240,24576,50204,3,24576,50204,1611656600.580681
111,112,113,114,115,116,117,118,119,120,121,122,123,124,125,126,512,128,240,24576,50204,3,24576,50204,1611656601.574476
111,112,113,114,115,116,117,118,119,120,121,122,123,124,125,126,512,128,240,24576,50204,3,24576,50204,1611656602.568269
111,112,113,114,115,116,117,118,119,120,121,122,123,124,125,126,512,128,240,24576,50204,3,24576,50204,1611656603.56205
111,112,113,114,115,116,117,118,119,120,121,122,123,124,125,126,512,128,240,24576,50204,3,24576,50204,1611656604.555839
111,112,113,114,115,116,117,118,119,120,121,122,123,124,125,126,512,128,240,24576,50204,3,24576,50204,1611656605.549621
111,112,113,114,115,116,117,118,119,120,121,122,123,124,125,126,512,128,240,24576,50204,3,24576,50204,1611656606.543414
111,112,113,114,115,116,117,118,119,120,121,122,123,124,125,126,512,128,240,24576,50204,3,24576,50204,1611656607.537208
111,112,113,114,115,116,117,118,119,120,121,122,123,124,125,126,512,128,240,24576,50204,3,24576,50204,1611656608.530963
111,112,113,114,115,116,117,118,119,120,121,122,123,124,125,126,512,128,240,24576,50204,3,24576,50204,1611656609.52471
111,112,113,114,115,116,117,118,119,120,121,122,123,124,125,126,512,128,240,24576,50204,3,24576,50204,1611656610.518452
111,112,113,114,115,116,117,118,119,120,121,122,123,124,125,126,512,128,240,24576,50204,3,24576,50204,1611656611.512192
111,112,113,114,115,116,117,118,119,120,121,122,123,124,125,126,512,128,240,24576,50204,3,24576,50204,1611656612.505932
111,112,113,114,115,116,117,118,119,120,121,122,123,124,125,126,512,128,240,24576,50204,3,24576,50204,1611656613.499673
111,112,113,114,115,116,117,118,119,120,121,122,123,124,125,126,512,128,240,24576,50204,3,24576,50204,1611656614.493408
111,112,113,114,115,116,117,118,119,120,121,122,123,124,125,126,512,128,240,24576,50204,3,24576,50204,1611656615.487147
111,112,113,114,115,116,117,118,119,120,121,122,123,124,125,126,512,128,240,24576,50204,3,24576,50204,1611656616.480884
111,112,113,114,115,116,117,118,119,120,121,122,123,124,125,126,512,128,240,24576,50204,3,24576,50204,1611656617.474631
111,112,113,114,115,116,117,118,119,120,121,122,123,124,125,126,512,128,240,24576,50204,3,24576,50204,1611656618.468366
111,112,113,114,115,116,117,118,119,120,121,122,123,124,125,126,512,128,240,24576,50204,3,24576,50204,1611656619.462106
111,112,113,114,115,116,117,118,119,120,121,122,123,124,125,126,512,128,240,24576,50204,3,24576,50204,1611656620.45586
111,112,113,114,115,116,117,118,119,120,121,122,123,124,125,126,512,128,240,24576,50204,3,24576,50204,1611656621.449597
111,112,113,114,115,116,117,118,119,120,121,122,123,124,125,126,512,128,240,24576,50204,3,24576,50204,1611656622.443332
111,112,113,114,115,116,117,118,119,120,121,122,123,124,125,126,512,128,240,24576,50204,3,24576,50204,1611656623.437073
111,112,113,114,115,116,117,118,119,120,121,122,123,124,125,126,512,128,240,24576,50204,3,24576,50204,1611656624.430813
111,112,113,114,115,116,117,118,119,120,121,122,123,124,125,126,512,128,240,24576,50204,3,24576,50204,1611656625.424548
111,112,113,114,115,116,117,118,119,120,121,122,123,124,125,126,512,128,240,24576,50204,3,24576,50204,1611656626.418286
111,112,113,114,115,116,117,118,119,120,121,122,123,124,125,126,512,128,240,24576,50204,3,24576,50204,1611656627.412025
111,112,113,114,115,116,117,118,119,120,121,122,123,124,125,126,512,128,240,24576,50204,3,24576,50204,1611656628.816092
111,112,113,114,115,116,117,118,119,120,121,122,123,124,125,126,512,128,240,24576,50204,3,24576,50204,1611656629.809814
111,112,113,114,115,116,117,118,119,120,121,122,123,124,125,126,512,128,240,24576,50204,3,24576,50204,1611656630.803551
111,112,113,114,115,116,117,118,119,120,121,122,123,124,125,126,512,128,240,24576,50204,3,24576,50204,1611656631.797277
111,112,113,114,115,116,117,118,119,120,121,122,123,124,125,126,512,128,240,24576,50204,3,24576,50204,1611656632.791021
111,112,113,114,115,116,117,118,119,120,121,122,123,124,125,126,512,128,240,24576,50204,3,24576,50204,1611656633.784778
111,112,113,114,115,116,117,118,119,120,121,122,123,124,125,126,512,128,240,24576,50204,3,24576,50204,1611656634.778485
111,112,113,114,115,116,117,118,119,120,121,122,123,124,125,126,512,128,240,24576,50204,3,24576,50204,1611656635.77221
111,112,113,114,115,116,117,118,119,120,121,122,123,124,125,126,512,128,240,24576,50204,3,24576,50204,1611656636.765932
111,112,113,114,115,116,117,118,119,120,121,122,123,124,125,126,512,128,240,24576,50204,3,24576,50204,1611656637.759734
111,112,113,114,115,116,117,118,119,120,121,122,123,124,125,126,512,128,240,24576,50204,3,24576,50204,1611656638.75345
111,112,113,114,115,116,117,118,119,120,121,122,123,124,125,126,512,128,240,24576,50204,3,24576,50204,1611656639.747162
111,112,113,114,115,116,117,118,119,120,121,122,123,124,125,126,512,128,240,24576,50204,3,24576,50204,1611656640.740893
111,112,113,114,115,116,117,118,119,120,121,122,123,124,125,126,512,128,240,24576,50204,3,24576,50204,1611656641.7346
111,112,113,114,115,116,117,118,119,120,121,122,123,124,125,126,512,128,240,24576,50204,3,24576,50204,1611656642.728322
111,112,113,114,115,116,117,118,119,120,121,122,123,124,125,126,512,128,240,24576,50204,3,24576,50204,1611656643.722032
111,112,113,114,115,116,117,118,119,120,121,122,123,124,125,126,512,128,240,24576,50204,3,24576,50204,1611656644.715764
111,112,113,114,115,116,117,118,119,120,121,122,123,124,125,126,512,128,240,24576,50204,3,24576,50204,1611656645.709492
111,112,113,114,115,116,117,118,119,120,121,122,123,124,125,126,512,128,240,24576,50204,3,24576,50204,1611656646.703225
111,112,113,114,115,116,117,118,119,120,121,122,123,124,125,126,512,128,240,24576,50204,3,24576,50204,1611656647.696942
111,112,113,114,115,116,117,118,119,120,121,122,123,124,125,126,512,128,240,24576,50204,3,24576,50204,1611656648.690664
111,112,113,114,115,116,117,118,119,120,121,122,123,124,125,126,512,128,240,24576,50204,3,24576,50204,1611656649.684386
111,112,113,114,115,116,117,118,119,120,121,122,123,124,125,126,512,128,240,24576,50204,3,24576,50204,1611656650.678108
111,112,113,114,115,116,117,118,119,120,121,122,123,124,125,126,512,128,240,24576,50204,3,24576,50204,1611656651.671837
111,112,113,114,115,116,117,118,119,120,121,122,123,124,125,126,512,128,240,24576,50204,3,24576,50204,1611656652.665561
111,112,113,114,115,116,117,118,119,120,121,122,123,124,125,126,512,128,240,24576,50204,3,24576,50204,1611656653.659292
111,112,113,114,115,116,117,118,119,120,121,122,123,124,125,126,512,128,240,24576,50204,3,24576,50204,1611656654.653033
111,112,113,114,115,116,117,118,119,120,121,122,123,124,125,126,512,128,240,24576,50204,3,24576,50204,1611656655.646773
111,112,113,114,115,116,117,118,119,120,121,122,123,124,125,126,512,128,240,24576,50204,3,24576,50204,1611656656.640479
111,112,113,114,115,116,117,118,119,120,121,122,123,124,125,126,512,128,240,24576,50204,3,24576,50204,1611656657.634179
111,112,113,114,115,116,117,118,119,120,121,122,123,124,125,126,512,128,240,24576,50204,3,24576,50204,1611656658.626887
111,112,113,114,115,116,117,118,119,120,121,122,123,124,125,126,512,128,240,24576,50204,3,24576,50204,1611656659.62056
111,112,113,114,115,116,117,118,119,120,121,122,123,124,125,126,512,128,240,24576,50204,3,24576,50204,1611656660.614297
111,112,113,114,115,116,117,118,119,120,121,122,123,124,125,126,512,128,240,24576,50204,3,24576,50204,1611656661.608005
111,112,113,114,115,116,117,118,119,120,121,122,123,124,125,126,512,128,240,24576,50204,3,24576,50204,1611656662.601706
111,112,113,114,115,116,117,118,119,120,121,122,123,124,125,126,512,128,240,24576,50204,3,24576,50204,1611656663.595566
111,112,113,114,115,116,117,118,119,120,121,122,123,124,125,126,512,128,240,24576,50204,3,24576,50204,1611656664.58925
111,112,113,114,115,116,117,118,119,120,121,122,123,124,125,126,512,128,240,24576,50204,3,24576,50204,1611656665.582976
111,112,113,114,115,116,117,118,119,120,121,122,123,124,125,126,512,128,240,24576,50204,3,24576,50204,1611656666.576707
111,112,113,114,115,116,117,118,119,120,121,122,123,124,125,126,512,128,240,24576,50204,3,24576,50204,1611656667.57044
111,112,113,114,115,116,117,118,119,120,121,122,123,124,125,126,512,128,240,24576,50204,3,24576,50204,1611656668.564154
111,112,113,114,115,116,117,118,119,120,121,122,123,124,125,126,512,128,240,24576,50204,3,24576,50204,1611656669.557832
111,112,113,114,115,116,117,118,119,120,121,122,123,124,125,126,512,128,240,24576,50204,3,24576,50204,1611656670.551551
111,112,113,114,115,116,117,118,119,120,121,122,123,124,125,126,512,128,240,24576,50204,3,24576,50204,1611656671.545273
111,112,113,114,115,116,117,118,119,120,121,122,123,124,125,126,512,128,240,24576,50204,3,24576,50204,1611656672.538986
111,112,113,114,115,116,117,118,119,120,121,122,123,124,125,126,512,128,240,24576,50204,3,24576,50204,1611656673.532715
111,112,113,114,115,116,117,118,119,120,121,122,123,124,125,126,512,128,240,24576,50204,3,24576,50204,1611656674.526401
111,112,113,114,115,116,117,118,119,120,121,122,123,124,125,126,512,128,240,24576,50204,3,24576,50204,1611656675.520141
111,112,113,114,115,116,117,118,119,120,121,122,123,124,125,126,512,128,240,24576,50204,3,24576,50204,1611656676.513843
111,112,113,114,115,116,117,118,119,120,121,122,123,124,125,126,512,128,240,24576,50204,3,24576,50204,1611656677.507541
111,112,113,114,115,116,117,118,119,120,121,122,123,124,125,126,512,128,240,24576,50204,3,24576,50204,1611656678.503396
111,112,113,114,115,116,117,118,119,120,121,122,123,124,125,126,512,128,240,24576,50204,3,24576,50204,1611656679.497182
111,112,113,114,115,116,117,118,119,120,121,122,123,124,125,126,512,128,240,24576,50204,3,24576,50204,1611656680.490966
111,112,113,114,115,116,117,118,119,120,121,122,123,124,125,126,512,128,240,24576,50204,3,24576,50204,1611656681.484697
111,112,113,114,115,116,117,118,119,120,121,122,123,124,125,126,512,128,240,24576,50204,3,24576,50204,1611656682.478469
111,112,113,114,115,116,117,118,119,120,121,122,123,124,125,126,512,128,240,24576,50204,3,24576,50204,1611656683.472247
111,112,113,114,115,116,117,118,119,120,121,122,123,124,125,126,512,128,240,24576,50204,3,24576,50204,1611656684.466026
111,112,113,114,115,116,117,118,119,120,121,122,123,124,125,126,512,128,240,24576,50204,3,24576,50204,1611656685.45981
111,112,113,114,115,116,117,118,119,120,121,122,123,124,125,126,512,128,240,24576,50204,3,24576,50204,1611656686.453596
111,112,113,114,115,116,117,118,119,120,121,122,123,124,125,126,512,128,240,24576,50204,3,24576,50204,1611656687.447371
111,112,113,114,115,116,117,118,119,120,121,122,123,124,125,126,512,128,240,24576,50204,3,24576,50204,1611656688.880539
111,112,113,114,115,116,117,118,119,120,121,122,123,124,125,126,512,128,240,24576,50204,3,24576,50204,1611656689.874317
111,112,113,114,115,116,117,118,119,120,121,122,123,124,125,126,512,128,240,24576,50204,3,24576,50204,1611656690.868065
111,112,113,114,115,116,117,118,119,120,121,122,123,124,125,126,512,128,240,24576,50204,3,24576,50204,1611656691.861854
111,112,113,114,115,116,117,118,119,120,121,122,123,124,125,126,512,128,240,24576,50204,3,24576,50204,1611656692.855609
111,112,113,114,115,116,117,118,119,120,121,122,123,124,125,126,512,128,240,24576,50204,3,24576,50204,1611656693.849391
111,112,113,114,115,116,117,118,119,120,121,122,123,124,125,126,512,128,240,24576,50204,3,24576,50204,1611656694.843186
111,112,113,114,115,116,117,118,119,120,121,122,123,124,125,126,512,128,240,24576,50204,3,24576,50204,1611656695.836933
111,112,113,114,115,116,117,118,119,120,121,122,123,124,125,126,512,128,240,24576,50204,3,24576,50204,1611656696.830684
111,112,113,114,115,116,117,118,119,120,121,122,123,124,125,126,512,128,240,24576,50204,3,24576,50204,1611656697.824465
111,112,113,114,115,116,117,118,119,120,121,122,123,124,125,126,512,128,240,24576,50204,3,24576,50204,1611656698.818254
111,112,113,114,115,116,117,118,119,120,121,122,123,124,125,126,512,128,240,24576,50204,3,24576,50204,1611656699.812027
111,112,113,114,115,116,117,118,119,120,121,122,123,124,125,126,512,128,240,24576,50204,3,24576,50204,1611656700.805771
111,112,113,114,115,116,117,118,119,120,121,122,123,124,125,126,512,128,240,24576,50204,3,24576,50204,1611656701.799533
111,112,113,114,115,116,117,118,119,120,121,122,123,124,125,126,512,128,240,24576,50204,3,24576,50204,1611656702.793328
111,112,113,114,115,116,117,118,119,120,121,122,123,124,125,126,512,128,240,24576,50204,3,24576,50204,1611656703.78707
111,112,113,114,115,116,117,118,119,120,121,122,123,124,125,126,512,128,240,24576,50204,3,24576,50204,1611656704.78081
111,112,113,114,115,116,117,118,119,120,121,122,123,124,125,126,512,128,240,24576,50204,3,24576,50204,1611656705.774569
111,112,113,114,115,116,117,118,119,120,121,122,123,124,125,126,512,128,240,24576,50204,3,24576,50204,1611656706.768318
111,112,113,114,115,116,117,118,119,120,121,122,123,124,125,126,512,128,240,24576,50204,3,24576,50204,1611656707.762056
111,112,113,114,115,116,117,118,119,120,121,122,123,124,125,126,512,128,240,24576,50204,3,24576,50204,1611656708.755804
111,112,113,114,115,116,117,118,119,120,121,122,123,124,125,126,512,128,240,24576,50204,3,24576,50204,1611656709.749553
111,112,113,114,115,116,117,118,119,120,121,122,123,124,125,126,512,128,240,24576,50204,3,24576,50204,1611656710.743297
111,112,113,114,115,116,117,118,119,120,121,122,123,124,125,126,512,128,240,24576,50204,3,24576,50204,1611656711.737031
111,112,113,114,115,116,117,118,119,120,121,122,123,124,125,126,512,128,240,24576,50204,3,24576,50204,1611656712.730784
111,112,113,114,115,116,117,118,119,120,121,122,123,124,125,126,512,128,240,24576,50204,3,24576,50204,1611656713.724521
111,112,113,114,115,116,117,118,119,120,121,122,123,124,125,126,512,128,240,24576,50204,3,24576,50204,1611656714.718268
111,112,113,114,115,116,117,118,119,120,121,122,123,124,125,126,512,128,240,24576,50204,3,24576,50204,1611656715.712009
111,112,113,114,115,116,117,118,119,120,121,122,123,124,125,126,512,128,240,24576,50204,3,24576,50204,1611656716.705757
111,112,113,114,115,116,117,118,119,120,121,122,123,124,125,126,512,128,240,24576,50204,3,24576,50204,1611656717.699492
111,112,113,114,115,116,117,118,119,120,121,122,123,124,125,126,512,128,240,24576,50204,3,24576,50204,1611656718.693252
111,112,113,114,115,116,117,118,119,120,121,122,123,124,125,126,512,128,240,24576,50204,3,24576,50204,1611656719.686992
111,112,113,114,115,116,117,118,119,120,121,122,123,124,125,126,512,128,240,24576,50204,3,24576,50204,1611656720.680731
111,112,113,114,115,116,117,118,119,120,121,122,123,124,125,126,512,128,240,24576,50204,3,24576,50204,1611656721.674477
111,112,113,114,115,116,117,118,119,120,121,122,123,124,125,126,512,128,240,24576,50204,3,24576,50204,1611656722.668224
111,112,113,114,115,116,117,118,119,120,121,122,123,124,125,126,512,128,240,24576,50204,3,24576,50204,1611656723.661962
111,112,113,114,115,116,117,118,119,120,121,122,123,124,125,126,512,128,240,24576,50204,3,24576,50204,1611656724.655706
111,112,113,114,115,116,117,118,119,120,121,122,123,124,125,126,512,128,240,24576,50204,3,24576,50204,1611656725.649449
111,112,113,114,115,116,117,118,119,120,121,122,123,124,125,126,512,128,240,24576,50204,3,24576,50204,1611656726.643189
111,112,113,114,115,116,117,118,119,120,121,122,123,124,125,126,512,128,240,24576,50204,3,24576,50204,1611656727.636946
111,112,113,114,115,116,117,118,119,120,121,122,123,124,125,126,512,128,240,24576,50204,3,24576,50204,1611656728.630686
111,112,113,114,115,116,117,118,119,120,121,122,123,124,125,126,512,128,240,24576,50204,3,24576,50204,1611656729.624419
111,112,113,114,115,116,117,118,119,120,121,122,123,124,125,126,512,128,240,24576,50204,3,24576,50204,1611656730.618155
111,112,113,114,115,116,117,118,119,120,121,122,123,124,125,126,512,128,240,24576,50204,3,24576,50204,1611656731.611886
111,112,113,114,115,116,117,118,119,120,121,122,123,124,125,126,512,128,240,24576,50204,3,24576,50204,1611656732.605553
111,112,113,114,115,116,117,118,119,120,121,122,123,124,125,126,512,128,240,24576,50204,3,24576,50204,1611656733.599287
111,112,113,114,115,116,117,118,119,120,121,122,123,124,125,126,512,128,240,24576,50204,3,24576,50204,1611656734.593023
111,112,113,114,115,116,117,118,119,120,121,122,123,124,125,126,512,128,240,24576,50204,3,24576,50204,1611656735.586756
111,112,113,114,115,116,117,118,119,120,121,122,123,124,125,126,512,128,240,24576,50204,3,24576,50204,1611656736.580512
111,112,113,114,115,116,117,118,119,120,121,122,123,124,125,126,512,128,240,24576,50204,3,24576,50204,1611656737.574247
111,112,113,114,115,116,117,118,119,120,121,122,123,124,125,126,512,128,240,24576,50204,3,24576,50204,1611656738.567984
111,112,113,114,115,116,117,118,119,120,121,122,123,124,125,126,512,128,240,24576,50204,3,24576,50204,1611656739.561724
111,112,113,114,115,116,117,118,119,120,121,122,123,124,125,126,512,128,240,24576,50204,3,24576,50204,1611656740.555485
111,112,113,114,115,116,117,118,119,120,121,122,123,124,125,126,512,128,240,24576,50204,3,24576,50204,1611656741.549242
111,112,113,114,115,116,117,118,119,120,121,122,123,124,125,126,512,128,240,24576,50204,3,24576,50204,1611656742.542982
111,112,113,114,115,116,117,118,119,120,121,122,123,124,125,126,512,128,240,24576,50204,3,24576,50204,1611656743.536722
111,112,113,114,115,116,117,118,119,120,121,122,123,124,125,126,512,128,240,24576,50204,3,24576,50204,1611656744.530463
111,112,113,114,115,116,117,118,119,120,121,122,123,124,125,126,512,128,240,24576,50204,3,24576,50204,1611656745.524216
111,112,113,114,115,116,117,118,119,120,121,122,123,124,125,126,512,128,240,24576,50204,3,24576,50204,1611656746.517955
111,112,113,114,115,116,117,118,119,120,121,122,123,124,125,126,512,128,240,24576,50204,3,24576,50204,1611656747.511691
111,112,113,114,115,116,117,118,119,120,121,122,123,124,125,126,512,128,240,24576,50204,3,24576,50204,1611656748.93662
111,112,113,114,115,116,117,118,119,120,121,122,123,124,125,126,512,128,240,24576,50204,3,24576,50204,1611656749.930409
111,112,113,114,115,116,117,118,119,120,121,122,123,124,125,126,512,128,240,24576,50204,3,24576,50204,1611656750.92415
111,112,113,114,115,116,117,118,119,120,121,122,123,124,125,126,512,128,240,24576,50204,3,24576,50204,1611656751.917901
111,112,113,114,115,116,117,118,119,120,121,122,123,124,125,126,512,128,240,24576,50204,3,24576,50204,1611656752.911689
111,112,113,114,115,116,117,118,119,120,121,122,123,124,125,126,512,128,240,24576,50204,3,24576,50204,1611656753.90551
111,112,113,114,115,116,117,118,119,120,121,122,123,124,125,126,512,128,240,24576,50204,3,24576,50204,1611656754.899252
111,112,113,114,115,116,117,118,119,120,121,122,123,124,125,126,512,128,240,24576,50204,3,24576,50204,1611656755.892976
111,112,113,114,115,116,117,118,119,120,121,122,123,124,125,126,512,128,240,24576,50204,3,24576,50204,1611656756.886723
111,112,113,114,115,116,117,118,119,120,121,122,123,124,125,126,512,128,240,24576,50204,3,24576,50204,1611656757.880516
111,112,113,114,115,116,117,118,119,120,121,122,123,124,125,126,512,128,240,24576,50204,3,24576,50204,1611656758.873263
111,112,113,114,115,116,117,118,119,120,121,122,123,124,125,126,512,128,240,24576,50204,3,24576,50204,1611656759.867012
111,112,113,114,115,116,117,118,119,120,121,122,123,124,125,126,512,128,240,24576,50204,3,24576,50204,1611656760.860747
111,112,113,114,115,116,117,118,119,120,121,122,123,124,125,126,512,128,240,24576,50204,3,24576,50204,1611656761.854511
111,112,113,114,115,116,117,118,119,120,121,122,123,124,125,126,512,128,240,24576,50204,3,24576,50204,1611656762.848247
111,112,113,114,115,116,117,118,119,120,121,122,123,124,125,126,512,128,240,24576,50204,3,24576,50204,1611656763.841979
111,112,113,114,115,116,117,118,119,120,121,122,123,124,125,126,512,128,240,24576,50204,3,24576,50204,1611656764.835754
111,112,113,114,115,116,117,118,119,120,121,122,123,124,125,126,512,128,240,24576,50204,3,24576,50204,1611656765.829495
111,112,113,114,115,116,117,118,119,120,121,122,123,124,125,126,512,128,240,24576,50204,3,24576,50204,1611656766.823232
111,112,113,114,115,116,117,118,119,120,121,122,123,124,125,126,512,128,240,24576,50204,3,24576,50204,1611656767.816929
111,112,113,114,115,116,117,118,119,120,121,122,123,124,125,126,512,128,240,24576,50204,3,24576,50204,1611656768.810711
111,112,113,114,115,116,117,118,119,120,121,122,123,124,125,126,512,128,240,24576,50204,3,24576,50204,1611656769.804445
111,112,113,114,115,116,117,118,119,120,121,122,123,124,125,126,512,128,240,24576,50204,3,24576,50204,1611656770.798203
111,112,113,114,115,116,117,118,119,120,121,122,123,124,125,126,512,128,240,24576,50204,3,24576,50204,1611656771.791985
111,112,113,114,115,116,117,118,119,120,121,122,123,124,125,126,512,128,240,24576,50204,3,24576,50204,1611656772.785745
111,112,113,114,115,116,117,118,119,120,121,122,123,124,125,126,512,128,240,24576,50204,3,24576,50204,1611656773.779495
111,112,113,114,115,116,117,118,119,120,121,122,123,124,125,126,512,128,240,24576,50204,3,24576,50204,1611656774.773236
111,112,113,114,115,116,117,118,119,120,121,122,123,124,125,126,512,128,240,24576,50204,3,24576,50204,1611656775.766976
111,112,113,114,115,116,117,118,119,120,121,122,123,124,125,126,512,128,240,24576,50204,3,24576,50204,1611656776.760721
111,112,113,114,115,116,117,118,119,120,121,122,123,124,125,126,512,128,240,24576,50204,3,24576,50204,1611656777.754463
111,112,113,114,115,116,117,118,119,120,121,122,123,124,125,126,512,128,240,24576,50204,3,24576,50204,1611656778.748212
111,112,113,114,115,116,117,118,119,120,121,122,123,124,125,126,512,128,240,24576,50204,3,24576,50204,1611656779.741965
111,112,113,114,115,116,117,118,119,120,121,122,123,124,125,126,512,128,240,24576,50204,3,24576,50204,1611656780.735717
111,112,113,114,115,116,117,118,119,120,121,122,123,124,125,126,512,128,240,24576,50204,3,24576,50204,1611656781.729455
111,112,113,114,115,116,117,118,119,120,121,122,123,124,125,126,512,128,240,24576,50204,3,24576,50204,1611656782.723201
111,112,113,114,115,116,117,118,119,120,121,122,123,124,125,126,512,128,240,24576,50204,3,24576,50204,1611656783.716957
111,112,113,114,115,116,117,118,119,120,121,122,123,124,125,126,512,128,240,24576,50204,3,24576,50204,1611656784.710704
111,112,113,114,115,116,117,118,119,120,121,122,123,124,125,126,512,128,240,24576,50204,3,24576,50204,1611656785.704459
111,112,113,114,115,116,117,118,119,120,121,122,123,124,125,126,512,128,240,24576,50204,3,24576,50204,1611656786.6982
111,112,113,114,115,116,117,118,119,120,121,122,123,124,125,126,512,128,240,24576,50204,3,24576,50204,1611656787.691934
111,112,113,114,115,116,117,118,119,120,121,122,123,124,125,126,512,128,240,24576,50204,3,24576,50204,1611656788.685663
111,112,113,114,115,116,117,118,119,120,121,122,123,124,125,126,512,128,240,24576,50204,3,24576,50204,1611656789.679389
111,112,113,114,115,116,117,118,119,120,121,122,123,124,125,126,512,128,240,24576,50204,3,24576,50204,1611656790.673136
111,112,113,114,115,116,117,118,119,120,121,122,123,124,125,126,512,128,240,24576,50204,3,24576,50204,1611656791.666865
111,112,113,114,115,116,117,118,119,120,121,122,123,124,125,126,512,128,240,24576,50204,3,24576,50204,1611656792.660602
111,112,113,114,115,116,117,118,119,120,121,122,123,124,125,126,512,128,240,24576,50204,3,24576,50204,1611656793.654336
111,112,113,114,115,116,117,118,119,120,121,122,123,124,125,126,512,128,240,24576,50204,3,24576,50204,1611656794.648074
111,112,113,114,115,116,117,118,119,120,121,122,123,124,125,126,512,128,240,24576,50204,3,24576,50204,1611656795.641804
111,112,113,114,115,116,117,118,119,120,121,122,123,124,125,126,512,128,240,24576,50204,3,24576,50204,1611656796.635531
111,112,113,114,115,116,117,118,119,120,121,122,123,124,125,126,512,128,240,24576,50204,3,24576,50204,1611656797.629264
111,112,113,114,115,116,117,118,119,120,121,122,123,124,125,126,512,128,240,24576,50204,3,24576,50204,1611656798.622988
111,112,113,114,115,116,117,118,119,120,121,122,123,124,125,126,512,128,240,24576,50204,3,24576,50204,1611656799.616723
111,112,113,114,115,116,117,118,119,120,121,122,123,124,125,126,512,128,240,24576,50204,3,24576,50204,1611656800.610447
111,112,113,114,115,116,117,118,119,120,121,122,123,124,125,126,512,128,240,24576,50204,3,24576,50204,1611656801.60418
111,112,113,114,115,116,117,118,119,120,121,122,123,124,125,126,512,128,240,24576,50204,3,24576,50204,1611656802.597957
111,112,113,114,115,116,117,118,119,120,121,122,123,124,125,126,512,128,240,24576,50204,3,24576,50204,1611656803.591697
111,112,113,114,115,116,117,118,119,120,121,122,123,124,125,126,512,128,240,24576,50204,3,24576,50204,1611656804.585473
111,112,113,114,115,116,117,118,119,120,121,122,123,124,125,126,512,128,240,24576,50204,3,24576,50204,1611656805.579215
111,112,113,114,115,116,117,118,119,120,121,122,123,124,125,126,512,128,240,24576,50204,3,24576,50204,1611656806.57297
111,112,113,114,115,116,117,118,119,120,121,122,123,124,125,126,512,128,240,24576,50204,3,24576,50204,1611656807.566702
111,112,113,114,115,116,117,118,119,120,121,122,123,124,125,126,512,128,240,24576,50204,3,24576,50204,1611656809.001672
111,112,113,114,115,116,117,118,119,120,121,122,123,124,125,126,512,128,240,24576,50204,3,24576,50204,1611656809.99548
111,112,113,114,115,116,117,118,119,120,121,122,123,124,125,126,512,128,240,24576,50204,3,24576,50204,1611656810.989232
111,112,113,114,115,116,117,118,119,120,121,122,123,124,125,126,512,128,240,24576,50204,3,24576,50204,1611656811.982973
111,112,113,114,115,116,117,118,119,120,121,122,123,124,125,126,512,128,240,24576,50204,3,24576,50204,1611656812.97672
111,112,113,114,115,116,117,118,119,120,121,122,123,124,125,126,512,128,240,24576,50204,3,24576,50204,1611656813.970474
111,112,113,114,115,116,117,118,119,120,121,122,123,124,125,126,512,128,240,24576,50204,3,24576,50204,1611656814.964239
111,112,113,114,115,116,117,118,119,120,121,122,123,124,125,126,512,128,240,24576,50204,3,24576,50204,1611656815.957981
111,112,113,114,115,116,117,118,119,120,121,122,123,124,125,126,512,128,240,24576,50204,3,24576,50204,1611656816.95177
111,112,113,114,115,116,117,118,119,120,121,122,123,124,125,126,512,128,240,24576,50204,3,24576,50204,1611656817.945557
111,112,113,114,115,116,117,118,119,120,121,122,123,124,125,126,512,128,240,24576,50204,3,24576,50204,1611656818.939295
111,112,113,114,115,116,117,118,119,120,121,122,123,124,125,126,512,128,240,24576,50204,3,24576,50204,1611656819.933043
111,112,113,114,115,116,117,118,119,120,121,122,123,124,125,126,512,128,240,24576,50204,3,24576,50204,1611656820.926785
111,112,113,114,115,116,117,118,119,120,121,122,123,124,125,126,512,128,240,24576,50204,3,24576,50204,1611656821.920516
111,112,113,114,115,116,117,118,119,120,121,122,123,124,125,126,512,128,240,24576,50204,3,24576,50204,1611656822.914258
111,112,113,114,115,116,117,118,119,120,121,122,123,124,125,126,512,128,240,24576,50204,3,24576,50204,1611656823.908014
111,112,113,114,115,116,117,118,119,120,121,122,123,124,125,126,512,128,240,24576,50204,3,24576,50204,1611656824.901769
111,112,113,114,115,116,117,118,119,120,121,122,123,124,125,126,512,128,240,24576,50204,3,24576,50204,1611656825.895521
111,112,113,114,115,116,117,118,119,120,121,122,123,124,125,126,512,128,240,24576,50204,3,24576,50204,1611656826.889264
111,112,113,114,115,116,117,118,119,120,121,122,123,124,125,126,512,128,240,24576,50204,3,24576,50204,1611656827.883001
111,112,113,114,115,116,117,118,119,120,121,122,123,124,125,126,512,128,240,24576,50204,3,24576,50204,1611656828.876731
111,112,113,114,115,116,117,118,119,120,121,122,123,124,125,126,512,128,240,24576,50204,3,24576,50204,1611656829.870471
111,112,113,114,115,116,117,118,119,120,121,122,123,124,125,126,512,128,240,24576,50204,3,24576,50204,1611656830.864228
111,112,113,114,115,116,117,118,119,120,121,122,123,124,125,126,512,128,240,24576,50204,3,24576,50204,1611656831.857981
111,112,113,114,115,116,117,118,119,120,121,122,123,124,125,126,512,128,240,24576,50204,3,24576,50204,1611656832.851734
111,112,113,114,115,116,117,118,119,120,121,122,123,124,125,126,512,128,240,24576,50204,3,24576,50204,1611656833.845506
111,112,113,114,115,116,117,118,119,120,121,122,123,124,125,126,512,128,240,24576,50204,3,24576,50204,1611656834.839258
111,112,113,114,115,116,117,118,119,120,121,122,123,124,125,126,512,128,240,24576,50204,3,24576,50204,1611656835.832994
111,112,113,114,115,116,117,118,119,120,121,122,123,124,125,126,512,128,240,24576,50204,3,24576,50204,1611656836.826745
111,112,113,114,115,116,117,118,119,120,121,122,123,124,125,126,512,128,240,24576,50204,3,24576,50204,1611656837.820472
111,112,113,114,115,116,117,118,119,120,121,122,123,124,125,126,512,128,240,24576,50204,3,24576,50204,1611656838.814199
111,112,113,114,115,116,117,118,119,120,121,122,123,124,125,126,512,128,240,24576,50204,3,24576,50204,1611656839.807948
111,112,113,114,115,116,117,118,119,120,121,122,123,124,125,126,512,128,240,24576,50204,3,24576,50204,1611656840.801694
111,112,113,114,115,116,117,118,119,120,121,122,123,124,125,126,512,128,240,24576,50204,3,24576,50204,1611656841.795477
111,112,113,114,115,116,117,118,119,120,121,122,123,124,125,126,512,128,240,24576,50204,3,24576,50204,1611656842.789217
111,112,113,114,115,116,117,118,119,120,121,122,123,124,125,126,512,128,240,24576,50204,3,24576,50204,1611656843.78295
111,112,113,114,115,116,117,118,119,120,121,122,123,124,125,126,512,128,240,24576,50204,3,24576,50204,1611656844.776697
111,112,113,114,115,116,117,118,119,120,121,122,123,124,125,126,512,128,240,24576,50204,3,24576,50204,1611656845.770426
111,112,113,114,115,116,117,118,119,120,121,122,123,124,125,126,512,128,240,24576,50204,3,24576,50204,1611656846.764182
111,112,113,114,115,116,117,118,119,120,121,122,123,124,125,126,512,128,240,24576,50204,3,24576,50204,1611656847.757973
111,112,113,114,115,116,117,118,119,120,121,122,123,124,125,126,512,128,240,24576,50204,3,24576,50204,1611656848.751706
111,112,113,114,115,116,117,118,119,120,121,122,123,124,125,126,512,128,240,24576,50204,3,24576,50204,1611656849.745464
111,112,113,114,115,116,117,118,119,120,121,122,123,124,125,126,512,128,240,24576,50204,3,24576,50204,1611656850.73921
111,112,113,114,115,116,117,118,119,120,121,122,123,124,125,126,512,128,240,24576,50204,3,24576,50204,1611656851.732943
111,112,113,114,115,116,117,118,119,120,121,122,123,124,125,126,512,128,240,24576,50204,3,24576,50204,1611656852.726557
111,112,113,114,115,116,117,118,119,120,121,122,123,124,125,126,512,128,240,24576,50204,3,24576,50204,1611656853.720142
111,112,113,114,115,116,117,118,119,120,121,122,123,124,125,126,512,128,240,24576,50204,3,24576,50204,1611656854.713886
111,112,113,114,115,116,117,118,119,120,121,122,123,124,125,126,512,128,240,24576,50204,3,24576,50204,1611656855.707637
111,112,113,114,115,116,117,118,119,120,121,122,123,124,125,126,512,128,240,24576,50204,3,24576,50204,1611656856.701387
111,112,113,114,115,116,117,118,119,120,121,122,123,124,125,126,512,128,240,24576,50204,3,24576,50204,1611656857.695127
111,112,113,114,115,116,117,118,119,120,121,122,123,124,125,126,512,128,240,24576,50204,3,24576,50204,1611656858.687865
111,112,113,114,115,116,117,118,119,120,121,122,123,124,125,126,512,128,240,24576,50204,3,24576,50204,1611656859.681598
111,112,113,114,115,116,117,118,119,120,121,122,123,124,125,126,512,128,240,24576,50204,3,24576,50204,1611656860.675344
111,112,113,114,115,116,117,118,119,120,121,122,123,124,125,126,512,128,240,24576,50204,3,24576,50204,1611656861.669081
111,112,113,114,115,116,117,118,119,120,121,122,123,124,125,126,512,128,240,24576,50204,3,24576,50204,1611656862.662826
111,112,113,114,115,116,117,118,119,120,121,122,123,124,125,126,512,128,240,24576,50204,3,24576,50204,1611656863.656562
111,112,113,114,115,116,117,118,119,120,121,122,123,124,125,126,512,128,240,24576,50204,3,24576,50204,1611656864.650304
111,112,113,114,115,116,117,118,119,120,121,122,123,124,125,126,512,128,240,24576,50204,3,24576,50204,1611656865.644042
111,112,113,114,115,116,117,118,119,120,121,122,123,124,125,126,512,128,240,24576,50204,3,24576,50204,1611656866.637794
111,112,113,114,115,116,117,118,119,120,121,122,123,124,125,126,512,128,240,24576,50204,3,24576,50204,1611656867.631527
111,112,113,114,115,116,117,118,119,120,121,122,123,124,125,126,512,128,240,24576,50204,3,24576,50204,1611656869.061403
111,112,113,114,115,116,117,118,119,120,121,122,123,124,125,126,512,128,240,24576,50204,3,24576,50204,1611656870.055202
111,112,113,114,115,116,117,118,119,120,121,122,123,124,125,126,512,128,240,24576,50204,3,24576,50204,1611656871.048948
111,112,113,114,115,116,117,118,119,120,121,122,123,124,125,126,512,128,240,24576,50204,3,24576,50204,1611656872.04268
111,112,113,114,115,116,117,118,119,120,121,122,123,124,125,126,512,128,240,24576,50204,3,24576,50204,1611656873.036465
111,112,113,114,115,116,117,118,119,120,121,122,123,124,125,126,512,128,240,24576,50204,3,24576,50204,1611656874.030251
111,112,113,114,115,116,117,118,119,120,121,122,123,124,125,126,512,128,240,24576,50204,3,24576,50204,1611656875.024039
111,112,113,114,115,116,117,118,119,120,121,122,123,124,125,126,512,128,240,24576,50204,3,24576,50204,1611656876.017794
111,112,113,114,115,116,117,118,119,120,121,122,123,124,125,126,512,128,240,24576,50204,3,24576,50204,1611656877.011582
111,112,113,114,115,116,117,118,119,120,121,122,123,124,125,126,512,128,240,24576,50204,3,24576,50204,1611656878.005414
111,112,113,114,115,116,117,118,119,120,121,122,123,124,125,126,512,128,240,24576,50204,3,24576,50204,1611656878.999102
111,112,113,114,115,116,117,118,119,120,121,122,123,124,125,126,512,128,240,24576,50204,3,24576,50204,1611656879.992892
111,112,113,114,115,116,117,118,119,120,121,122,123,124,125,126,512,128,240,24576,50204,3,24576,50204,1611656880.986621
111,112,113,114,115,116,117,118,119,120,121,122,123,124,125,126,512,128,240,24576,50204,3,24576,50204,1611656881.980377
111,112,113,114,115,116,117,118,119,120,121,122,123,124,125,126,512,128,240,24576,50204,3,24576,50204,1611656882.974073
111,112,113,114,115,116,117,118,119,120,121,122,123,124,125,126,512,128,240,24576,50204,3,24576,50204,1611656883.967849
111,112,113,114,115,116,117,118,119,120,121,122,123,124,125,126,512,128,240,24576,50204,3,24576,50204,1611656884.961586
111,112,113,114,115,116,117,118,119,120,121,122,123,124,125,126,512,128,240,24576,50204,3,24576,50204,1611656885.955337
111,112,113,114,115,116,117,118,119,120,121,122,123,124,125,126,512,128,240,24576,50204,3,24576,50204,1611656886.949078
111,112,113,114,115,116,117,118,119,120,121,122,123,124,125,126,512,128,240,24576,50204,3,24576,50204,1611656887.942858
111,112,113,114,115,116,117,118,119,120,121,122,123,124,125,126,512,128,240,24576,50204,3,24576,50204,1611656888.936628
111,112,113,114,115,116,117,118,119,120,121,122,123,124,125,126,512,128,240,24576,50204,3,24576,50204,1611656889.930526
111,112,113,114,115,116,117,118,119,120,121,122,123,124,125,126,512,128,240,24576,50204,3,24576,50204,1611656890.924322
111,112,113,114,115,116,117,118,119,120,121,122,123,124,125,126,512,128,240,24576,50204,3,24576,50204,1611656891.918097
111,112,113,114,115,116,117,118,119,120,121,122,123,124,125,126,512,128,240,24576,50204,3,24576,50204,1611656892.911852
111,112,113,114,115,116,117,118,119,120,121,122,123,124,125,126,512,128,240,24576,50204,3,24576,50204,1611656893.905638
111,112,113,114,115,116,117,118,119,120,121,122,123,124,125,126,512,128,240,24576,50204,3,24576,50204,1611656894.899381
111,112,113,114,115,116,117,118,119,120,121,122,123,124,125,126,512,128,240,24576,50204,3,24576,50204,1611656895.893128
111,112,113,114,115,116,117,118,119,120,121,122,123,124,125,126,512,128,240,24576,50204,3,24576,50204,1611656896.886876
111,112,113,114,115,116,117,118,119,120,121,122,123,124,125,126,512,128,240,24576,50204,3,24576,50204,1611656897.880622
111,112,113,114,115,116,117,118,119,120,121,122,123,124,125,126,512,128,240,24576,50204,3,24576,50204,1611656898.874363
111,112,113,114,115,116,117,118,119,120,121,122,123,124,125,126,512,128,240,24576,50204,3,24576,50204,1611656899.868108
111,112,113,114,115,116,117,118,119,120,121,122,123,124,125,126,512,128,240,24576,50204,3,24576,50204,1611656900.86186
111,112,113,114,115,116,117,118,119,120,121,122,123,124,125,126,512,128,240,24576,50204,3,24576,50204,1611656901.855612
111,112,113,114,115,116,117,118,119,120,121,122,123,124,125,126,512,128,240,24576,50204,3,24576,50204,1611656902.849361
111,112,113,114,115,116,117,118,119,120,121,122,123,124,125,126,512,128,240,24576,50204,3,24576,50204,1611656903.843109
111,112,113,114,115,116,117,118,119,120,121,122,123,124,125,126,512,128,240,24576,50204,3,24576,50204,1611656904.836853
111,112,113,114,115,116,117,118,119,120,121,122,123,124,125,126,512,128,240,24576,50204,3,24576,50204,1611656905.830588
111,112,113,114,115,116,117,118,119,120,121,122,123,124,125,126,512,128,240,24576,50204,3,24576,50204,1611656906.824319
111,112,113,114,115,116,117,118,119,120,121,122,123,124,125,126,512,128,240,24576,50204,3,24576,50204,1611656907.818112
111,112,113,114,115,116,117,118,119,120,121,122,123,124,125,126,512,128,240,24576,50204,3,24576,50204,1611656908.811853
