331,332,333,334,335,336,1610964943.396113
331,332,333,334,335,336,1610964944.389803
331,332,333,334,335,336,1610964945.383549
331,332,333,334,335,336,1610964946.377273
331,332,333,334,335,336,1610964947.371007
331,332,333,334,335,336,1610964948.364744
331,332,333,334,335,336,1610964949.358005
331,332,333,334,335,336,1610964950.351695
331,332,333,334,335,336,1610964951.34543
331,332,333,334,335,336,1610964952.339167
331,332,333,334,335,336,1610964953.332906
331,332,333,334,335,336,1610964954.325659
331,332,333,334,335,336,1610964955.319394
331,332,333,334,335,336,1610964956.313143
331,332,333,334,335,336,1610964957.306827
331,332,333,334,335,336,1610964958.300537
331,332,333,334,335,336,1610964959.294296
331,332,333,334,335,336,1610964960.288007
331,332,333,334,335,336,1610964961.281724
331,332,333,334,335,336,1610964962.275432
331,332,333,334,335,336,1610964963.269151
331,332,333,334,335,336,1610964964.262858
331,332,333,334,335,336,1610964965.256566
331,332,333,334,335,336,1610964966.250277
331,332,333,334,335,336,1610964967.243995
331,332,333,334,335,336,1610964968.237707
331,332,333,334,335,336,1610964969.231412
331,332,333,334,335,336,1610964970.225124
331,332,333,334,335,336,1610964971.218841
331,332,333,334,335,336,1610964972.212608
331,332,333,334,335,336,1610964973.206362
331,332,333,334,335,336,1610964974.200061
331,332,333,334,335,336,1610964975.193777
331,332,333,334,335,336,1610964976.187485
331,332,333,334,335,336,1610964977.181188
331,332,333,334,335,336,1610964978.174935
331,332,333,334,335,336,1610964979.168632
331,332,333,334,335,336,1610964980.162341
331,332,333,334,335,336,1610964981.594555
331,332,333,334,335,336,1610964982.588257
331,332,333,334,335,336,1610964983.581962
331,332,333,334,335,336,1610964984.575676
331,332,333,334,335,336,1610964985.569387
331,332,333,334,335,336,1610964986.563092
331,332,333,334,335,336,1610964987.556801
331,332,333,334,335,336,1610964988.550506
331,332,333,334,335,336,1610964989.544207
